﻿[
   {
      "id":"1",
      "title":"Sun"
   },
   {
      "id":"2",
      "title":"Mercury"
   },
   {
      "id":"3",
      "title":"Venus"
   },
   {
      "id":"4",
      "title":"Earth"
   },
   {
      "id":"5",
      "title":"Mars"
   },
   {
      "id":"6",
      "title":"Jupiter"
   },
   {
      "id":"7",
      "title":"Saturn"
   },
   {
      "id":"8",
      "title":"Uranus"
   },
   {
      "id":"9",
      "title":"Neptune"
   },
   {
      "id":"10",
      "title":"Ceres"
   },
   {
      "id":"11",
      "title":"Pluto"
   },
   {
      "id":"12",
      "title":"Haumea"
   },
   {
      "id":"13",
      "title":"Makemake"
   },
   {
      "id":"14",
      "title":"Eris"
   },
   {
      "id":"15",
      "title":"Orcus"
   },
   {
      "id":"16",
      "title":"Ixion"
   },
   {
      "id":"17",
      "title":"2002 MS4"
   },
   {
      "id":"18",
      "title":"Salacia"
   },
   {
      "id":"19",
      "title":"Varuna"
   },
   {
      "id":"20",
      "title":"2005 UQ513"
   },
   {
      "id":"21",
      "title":"Quaoar"
   },
   {
      "id":"22",
      "title":"2007 OR10"
   },
   {
      "id":"23",
      "title":"2007 UK126"
   },
   {
      "id":"24",
      "title":"Sedna"
   },
   {
      "id":"25",
      "title":"Moon"
   },
   {
      "id":"26",
      "title":"Io"
   },
   {
      "id":"27",
      "title":"Europa"
   },
   {
      "id":"28",
      "title":"Ganymede"
   },
   {
      "id":"29",
      "title":"Callisto"
   },
   {
      "id":"30",
      "title":"Mimas"
   },
   {
      "id":"31",
      "title":"Enceladus"
   },
   {
      "id":"32",
      "title":"Tethys"
   },
   {
      "id":"33",
      "title":"Dione"
   },
   {
      "id":"34",
      "title":"Rhea"
   },
   {
      "id":"35",
      "title":"Titan"
   },
   {
      "id":"36",
      "title":"Iapetus"
   },
   {
      "id":"37",
      "title":"Miranda"
   },
   {
      "id":"38",
      "title":"Ariel"
   },
   {
      "id":"39",
      "title":"Umbriel"
   },
   {
      "id":"40",
      "title":"Titania"
   },
   {
      "id":"41",
      "title":"Oberon"
   },
   {
      "id":"42",
      "title":"Triton"
   },
   {
      "id":"43",
      "title":"Charon"
   }
]