<?xml version="1.0"?>
<tree id="0">
<item id="dhtmlxtabbar" text="dhtmlxTabbar" im0="dhtmlxtabbar_icon.gif" im1="dhtmlxtabbar_icon.gif" im2="dhtmlxtabbar_icon.gif"><userdata name="url">../dhtmlxTabbar/samples</userdata><item id="dhtmlxtabbar!!events" text="Events"><userdata name="url">events</userdata><item id="dhtmlxtabbar!!events/tab_events.html" text="TabBar events" im0="leaf_new.gif"><userdata name="url">tab_events.html</userdata></item></item><item id="dhtmlxtabbar!!loading_creating_tabs_content" text="Loading/creating tabs content"><userdata name="url">loading_creating_tabs_content</userdata><item id="dhtmlxtabbar!!loading_creating_tabs_content/load_xml_content.html" text="Loading content from XML" im0="leaf_new.gif"><userdata name="url">load_xml_content.html</userdata></item><item id="dhtmlxtabbar!!loading_creating_tabs_content/tab_ajax.html" text="Loading by AJAX" im0="leaf_new.gif"><userdata name="url">tab_ajax.html</userdata></item><item id="dhtmlxtabbar!!loading_creating_tabs_content/tab_ajax_auto.html" text="Loading by AJAX (init form html)" im0="leaf_new.gif"><userdata name="url">tab_ajax_auto.html</userdata></item><item id="dhtmlxtabbar!!loading_creating_tabs_content/tab_ajax_html.html" text="Loading by AJAX (content loading from html file)" im0="leaf_new.gif"><userdata name="url">tab_ajax_html.html</userdata></item><item id="dhtmlxtabbar!!loading_creating_tabs_content/tab_content.html" text="Add content to TabBar" im0="leaf_new.gif"><userdata name="url">tab_content.html</userdata></item><item id="dhtmlxtabbar!!loading_creating_tabs_content/tab_content_auto.html" text="Initialization from HTML" im0="leaf_new.gif"><userdata name="url">tab_content_auto.html</userdata></item><item id="dhtmlxtabbar!!loading_creating_tabs_content/tab_iframe.html" text="Links in single iframe" im0="leaf_new.gif"><userdata name="url">tab_iframe.html</userdata></item><item id="dhtmlxtabbar!!loading_creating_tabs_content/tab_iframes.html" text="Loading in iframes" im0="leaf_new.gif"><userdata name="url">tab_iframes.html</userdata></item><item id="dhtmlxtabbar!!loading_creating_tabs_content/tab_iframes2.html" text="Loading in iframes - On demand" im0="leaf_new.gif"><userdata name="url">tab_iframes2.html</userdata></item><item id="dhtmlxtabbar!!loading_creating_tabs_content/tab_iframes_auto.html" text="Loading in iframes(init from html)" im0="leaf_new.gif"><userdata name="url">tab_iframes_auto.html</userdata></item><item id="dhtmlxtabbar!!loading_creating_tabs_content/tab_nested.html" text="Nested TabBars" im0="leaf_new.gif"><userdata name="url">tab_nested.html</userdata></item></item><item id="dhtmlxtabbar!!styles_skins" text="Styles and skins"><userdata name="url">styles_skins</userdata><item id="dhtmlxtabbar!!styles_skins/tab_colors.html" text="Custom colors" im0="leaf_new.gif"><userdata name="url">tab_colors.html</userdata></item><item id="dhtmlxtabbar!!styles_skins/tab_content_auto2.html" text="Initialization from HTML and styles" im0="leaf_new.gif"><userdata name="url">tab_content_auto2.html</userdata></item><item id="dhtmlxtabbar!!styles_skins/tab_styles.html" text="Predefined designs" im0="leaf_new.gif"><userdata name="url">tab_styles.html</userdata></item></item><item id="dhtmlxtabbar!!tabs_manipulations" text="Tabs manipulations"><userdata name="url">tabs_manipulations</userdata><item id="dhtmlxtabbar!!tabs_manipulations/tab_100pc.html" text="Auto reSize" im0="leaf_new.gif"><userdata name="url">tab_100pc.html</userdata></item><item id="dhtmlxtabbar!!tabs_manipulations/tab_control.html" text="Tabbar API usage" im0="leaf_new.gif"><userdata name="url">tab_control.html</userdata></item><item id="dhtmlxtabbar!!tabs_manipulations/tab_disable.html" text="Usage API for blocking tabs" im0="leaf_new.gif"><userdata name="url">tab_disable.html</userdata></item></item><item id="dhtmlxtabbar!!tabs_orientation" text="Tabs orientation"><userdata name="url">tabs_orientation</userdata><item id="dhtmlxtabbar!!tabs_orientation/tab_all.html" text="Top/Bottom/Right/Left Tabbars" im0="leaf_new.gif"><userdata name="url">tab_all.html</userdata></item><item id="dhtmlxtabbar!!tabs_orientation/tab_bottom.html" text="Bottom TabBar" im0="leaf_new.gif"><userdata name="url">tab_bottom.html</userdata></item><item id="dhtmlxtabbar!!tabs_orientation/tab_bottom_ext.html" text="Bottom TabBar and align" im0="leaf_new.gif"><userdata name="url">tab_bottom_ext.html</userdata></item><item id="dhtmlxtabbar!!tabs_orientation/tab_left.html" text="Left TabBar" im0="leaf_new.gif"><userdata name="url">tab_left.html</userdata></item><item id="dhtmlxtabbar!!tabs_orientation/tab_left_ext.html" text="Left TabBar and align" im0="leaf_new.gif"><userdata name="url">tab_left_ext.html</userdata></item><item id="dhtmlxtabbar!!tabs_orientation/tab_right.html" text="Right TabBar" im0="leaf_new.gif"><userdata name="url">tab_right.html</userdata></item><item id="dhtmlxtabbar!!tabs_orientation/tab_right_ext.html" text="Right TabBar and align" im0="leaf_new.gif"><userdata name="url">tab_right_ext.html</userdata></item></item></item>

</tree>
